Lien URL;Nom;Nombre de contribution;Ville d'origine;date de création
https://www.tripadvisor.fr/Profile/VictorineH9;VictorineH9;43;La Rochelle, France;Membre depuis juil. 2018
https://www.tripadvisor.fr/Profile/maurices986;maurices986;1;Lille, Belgique;Membre depuis juin 2020
https://www.tripadvisor.fr/Profile/sylvianneb2017;sylvianneb2017;3;;Membre depuis avr. 2017
https://www.tripadvisor.fr/Profile/laurentlZ6447SK;laurentlZ6447SK;30;Challes-les-Eaux, France;Membre depuis sept. 2017
https://www.tripadvisor.fr/Profile/207estellel;207estellel;1;;Membre depuis août 2020
https://www.tripadvisor.fr/Profile/20Cent91;20Cent91;7;Paris, France;Membre depuis nov. 2019
https://www.tripadvisor.fr/Profile/296davidm;296davidm;767;Le Plessis-Robinson, France;Membre depuis juil. 2012
https://www.tripadvisor.fr/Profile/Eyna69;Eyna69;9;;Membre depuis sept. 2014
https://www.tripadvisor.fr/Profile/emct800;emct800;2;;Membre depuis juil. 2020
https://www.tripadvisor.fr/Profile/charlinep122;charlinep122;5;;Membre depuis sept. 2018
https://www.tripadvisor.fr/Profile/270thaism;270thaism;2;;Membre depuis août 2014
https://www.tripadvisor.fr/Profile/Guibal94;Guibal94;33;Gentilly, France;Membre depuis déc. 2015
https://www.tripadvisor.fr/Profile/Debo-fr38;Debo-fr38;4;;Membre depuis juil. 2019
https://www.tripadvisor.fr/Profile/848antoinel;848antoinel;11;Le Grau-du-Roi, France;Membre depuis juil. 2018
https://www.tripadvisor.fr/Profile/MarineB1407;MarineB1407;2;;Membre depuis déc. 2012
https://www.tripadvisor.fr/Profile/Matissons;Matissons;1;;Membre depuis févr. 2020
https://www.tripadvisor.fr/Profile/josiepjj;josiepjj;5;Nîmes, France;Membre depuis juil. 2018
https://www.tripadvisor.fr/Profile/Gibbsmohambe;Gibbsmohambe;12;;Membre depuis août 2017
https://www.tripadvisor.fr/Profile/isabelledV1866ZO;isabelledV1866ZO;1;Chambéry, France;Membre depuis oct. 2012
https://www.tripadvisor.fr/Profile/petitema73;petitema73;25;Chambéry, France;Membre depuis juil. 2016
https://www.tripadvisor.fr/Profile/stephaniebP4136YO;stephaniebP4136YO;3;;Membre depuis sept. 2016
https://www.tripadvisor.fr/Profile/Voyageursavoie;Voyageursavoie;1;;Membre depuis juil. 2019
https://www.tripadvisor.fr/Profile/Burdigala87;Burdigala87;10;;Membre depuis juin 2015
https://www.tripadvisor.fr/Profile/anisssaaaz;anisssaaaz;10;Chambéry, France;Membre depuis mars 2018
https://www.tripadvisor.fr/Profile/nspiess;nspiess;3;Audincourt, France;Membre depuis juil. 2018
https://www.tripadvisor.fr/Profile/Z4202AGdavidn;Z4202AGdavidn;3;Chambéry, France;Membre depuis déc. 2016
https://www.tripadvisor.fr/Profile/soniamK5760BV;soniamK5760BV;2;;Membre depuis déc. 2019
https://www.tripadvisor.fr/Profile/31JeanB31;31JeanB31;11;Chambéry, France;Membre depuis mai 2013
https://www.tripadvisor.fr/Profile/L7603VCvirginieb;L7603VCvirginieb;73;Chambéry, France;Membre depuis avr. 2017
https://www.tripadvisor.fr/Profile/randonneur74;randonneur74;2072;Annecy, France;Membre depuis sept. 2012
https://www.tripadvisor.fr/Profile/noland728;noland728;1;Chambéry, France;Membre depuis juin 2018
https://www.tripadvisor.fr/Profile/Gualodon;Gualodon;1;;Membre depuis nov. 2019
https://www.tripadvisor.fr/Profile/thomassT2995MA;thomassT2995MA;2;;Membre depuis août 2019
https://www.tripadvisor.fr/Profile/oliviervincent9;oliviervincent9;3;;Membre depuis nov. 2019
https://www.tripadvisor.fr/Profile/mariecln;mariecln;8;;Membre depuis juin 2015
https://www.tripadvisor.fr/Profile/Alex-obs;Alex-obs;2;;Membre depuis août 2017
https://www.tripadvisor.fr/Profile/grela1350;grela1350;2;Lausanne, Suisse;Membre depuis mars 2017
https://www.tripadvisor.fr/Profile/Happycathou;Happycathou;9;Grenoble, France;Membre depuis août 2018
https://www.tripadvisor.fr/Profile/Marinecohendet;Marinecohendet;1;;Membre depuis oct. 2019
https://www.tripadvisor.fr/Profile/X2683HOnathaliec;X2683HOnathaliec;28;;Membre depuis août 2017
https://www.tripadvisor.fr/Profile/elodiebT7904HP;elodiebT7904HP;17;;Membre depuis sept. 2017
https://www.tripadvisor.fr/Profile/JulienDup73;JulienDup73;1;;Membre depuis oct. 2019
https://www.tripadvisor.fr/Profile/Didierge;Didierge;2;;Membre depuis févr. 2019
https://www.tripadvisor.fr/Profile/Math_Chrtn;Math_Chrtn;6;Chambéry, France;Membre depuis mars 2013
https://www.tripadvisor.fr/Profile/brookedavis73;brookedavis73;1;;Membre depuis sept. 2019
https://www.tripadvisor.fr/Profile/754annel;754annel;6;;Membre depuis oct. 2014
https://www.tripadvisor.fr/Profile/paulinebH6426GB;paulinebH6426GB;1;;Membre depuis sept. 2019
https://www.tripadvisor.fr/Profile/I3662MPbarbaras;I3662MPbarbaras;13;;Membre depuis juil. 2016
https://www.tripadvisor.fr/Profile/mbn08;mbn08;21;Ville de Roanne, France;Membre depuis août 2015
https://www.tripadvisor.fr/Profile/BBa75;BBa75;3;Paris, France;Membre depuis nov. 2012
https://www.tripadvisor.fr/Profile/CatherineChv;CatherineChv;1;;Membre depuis août 2019
https://www.tripadvisor.fr/Profile/Catonche;Catonche;1;Saint-Jean-d'Arvey, France;Membre depuis août 2019
https://www.tripadvisor.fr/Profile/434clemencec;434clemencec;26;Montréal, Canada;Membre depuis févr. 2013
https://www.tripadvisor.fr/Profile/BeaPdmc;BeaPdmc;35;Blace, France;Membre depuis avr. 2015
https://www.tripadvisor.fr/Profile/juliettec714;juliettec714;4;;Membre depuis juil. 2019
https://www.tripadvisor.fr/Profile/chouchounel;chouchounel;100;Édimbourg, Royaume-Uni;Membre depuis août 2016
https://www.tripadvisor.fr/Profile/fannyf704;fannyf704;25;;Membre depuis sept. 2016
https://www.tripadvisor.fr/Profile/sorcier;sorcier;2;;Membre depuis mai 2019
https://www.tripadvisor.fr/Profile/lisalpbdu73;lisalpbdu73;3;;Membre depuis mai 2019
https://www.tripadvisor.fr/Profile/X2683HOnathaliec;X2683HOnathaliec;28;;Membre depuis août 2017
https://www.tripadvisor.fr/Profile/49s_bastienc;49s_bastienc;8;;Membre depuis juil. 2016
https://www.tripadvisor.fr/Profile/raskass988;raskass988;76;Noumea, Nouvelle-Calédonie;Membre depuis mars 2015
https://www.tripadvisor.fr/Profile/DamienG284;DamienG284;12;Belmont-d'Azergues, France;Membre depuis janv. 2013
https://www.tripadvisor.fr/Profile/isabelledO6230XZ;isabelledO6230XZ;1;;Membre depuis avr. 2019
https://www.tripadvisor.fr/Profile/fabienm729;fabienm729;80;Genas, France;Membre depuis janv. 2018
https://www.tripadvisor.fr/Profile/erikaf380;erikaf380;5;;Membre depuis juil. 2016
https://www.tripadvisor.fr/Profile/famillesavoy;famillesavoy;104;SAVOIE;Membre depuis sept. 2009
https://www.tripadvisor.fr/Profile/FOLKS86;FOLKS86;1;;Membre depuis nov. 2018
https://www.tripadvisor.fr/Profile/40EB67;40EB67;194;Vélizy-Villacoublay, France;Membre depuis août 2016
https://www.tripadvisor.fr/Profile/B5443AOpascals;B5443AOpascals;14;;Membre depuis juin 2018
https://www.tripadvisor.fr/Profile/chrys_Altima;chrys_Altima;13;Chambéry, France;Membre depuis nov. 2012
https://www.tripadvisor.fr/Profile/Sevsteph38;Sevsteph38;3;Barraux, France;Membre depuis nov. 2012
https://www.tripadvisor.fr/Profile/ambrealves;ambrealves;25;Chambéry, France;Membre depuis mars 2019
https://www.tripadvisor.fr/Profile/Gibbsmohambe;Gibbsmohambe;12;;Membre depuis août 2017
https://www.tripadvisor.fr/Profile/auroremiss2606;auroremiss2606;2;;Membre depuis oct. 2018
https://www.tripadvisor.fr/Profile/U7067DSdavidm;U7067DSdavidm;1;;Membre depuis mars 2019
https://www.tripadvisor.fr/Profile/laurenceb739;laurenceb739;11;Albertville, France;Membre depuis août 2012
https://www.tripadvisor.fr/Profile/soserge;soserge;417;Wavre, Belgique;Membre depuis déc. 2010
https://www.tripadvisor.fr/Profile/M5359DYmehdim;M5359DYmehdim;3;Pontcharra, France;Membre depuis mars 2019
https://www.tripadvisor.fr/Profile/Rapha1979;Rapha1979;1;;Membre depuis mars 2019
https://www.tripadvisor.fr/Profile/tucop739;tucop739;8;Chambéry, France;Membre depuis août 2018
https://www.tripadvisor.fr/Profile/val041117;val041117;36;Aix-les-Bains, France;Membre depuis janv. 2018
https://www.tripadvisor.fr/Profile/chroux73;chroux73;2;Chambéry, France;Membre depuis mai 2017
https://www.tripadvisor.fr/Profile/DALHIAS73;DALHIAS73;9;;Membre depuis janv. 2019
https://www.tripadvisor.fr/Profile/183geraldv;183geraldv;10;Chambéry, France;Membre depuis oct. 2017
https://www.tripadvisor.fr/Profile/celinette75015;celinette75015;22;;Membre depuis mai 2017
https://www.tripadvisor.fr/Profile/Melleduc;Melleduc;15;Caen, France;Membre depuis sept. 2011
https://www.tripadvisor.fr/Profile/376patrickr;376patrickr;993;Chambéry, France;Membre depuis juil. 2011
https://www.tripadvisor.fr/Profile/patdum74;patdum74;61;Ferney-Voltaire, France;Membre depuis oct. 2017
https://www.tripadvisor.fr/Profile/lebelge2019;lebelge2019;29;Caen, France;Membre depuis juin 2017
https://www.tripadvisor.fr/Profile/leoclemep;leoclemep;15;Chambéry, France;Membre depuis nov. 2016
https://www.tripadvisor.fr/Profile/Unairdefamille38480;Unairdefamille38480;5;Le Pont-de-Beauvoisin , France;Membre depuis juin 2015
https://www.tripadvisor.fr/Profile/MmeMG;MmeMG;2;;Membre depuis janv. 2019
https://www.tripadvisor.fr/Profile/residant57;residant57;8;moselle;Membre depuis août 2008
https://www.tripadvisor.fr/Profile/bichon2019;bichon2019;281;Chambéry, France;Membre depuis juin 2016
https://www.tripadvisor.fr/Profile/Ninon1122;Ninon1122;2;;Membre depuis déc. 2018
https://www.tripadvisor.fr/Profile/219ingrid;219ingrid;95;Caen, France;Membre depuis juin 2016
https://www.tripadvisor.fr/Profile/550yvesf;550yvesf;36;Chambéry, France;Membre depuis mai 2014
https://www.tripadvisor.fr/Profile/CLIENTE-CHAMBERY;CLIENTE-CHAMBERY;1;;Membre depuis déc. 2018
https://www.tripadvisor.fr/Profile/146karines;146karines;1;;Membre depuis déc. 2018
https://www.tripadvisor.fr/Profile/Alanfox2a;Alanfox2a;149;Corse-du-Sud, France;Membre depuis févr. 2018
https://www.tripadvisor.fr/Profile/Vocalindigo;Vocalindigo;17;Chambéry, France;Membre depuis juil. 2011
https://www.tripadvisor.fr/Profile/B7238ATisabelleg;B7238ATisabelleg;1;;Membre depuis déc. 2018
https://www.tripadvisor.fr/Profile/super4deChambery;super4deChambery;18;Chambéry;Membre depuis août 2011
https://www.tripadvisor.fr/Profile/lacocotte2017;lacocotte2017;13;Le Pont-de-Beauvoisin , France;Membre depuis avr. 2017
https://www.tripadvisor.fr/Profile/ch0ubiec;ch0ubiec;37;Paris, France;Membre depuis sept. 2011
https://www.tripadvisor.fr/Profile/L7603VCvirginieb;L7603VCvirginieb;73;Chambéry, France;Membre depuis avr. 2017
https://www.tripadvisor.fr/Profile/Expatve;Expatve;452;Paris;Membre depuis août 2006
https://www.tripadvisor.fr/Profile/miroslavp28;miroslavp28;42;Chambéry, France;Membre depuis juil. 2016
https://www.tripadvisor.fr/Profile/331clarap;331clarap;5;Chambéry, France;Membre depuis févr. 2017
https://www.tripadvisor.fr/Profile/latalavera;latalavera;6;Seynod, France;Membre depuis mars 2018
https://www.tripadvisor.fr/Profile/jessica731333;jessica731333;11;;Membre depuis avr. 2016
https://www.tripadvisor.fr/Profile/622mama;622mama;77;Annecy-le-Vieux, France;Membre depuis déc. 2013
https://www.tripadvisor.fr/Profile/89maudev;89maudev;1;;Membre depuis sept. 2018
https://www.tripadvisor.fr/Profile/sylvie-mich;sylvie-mich;150;Metz, France;Membre depuis oct. 2015
https://www.tripadvisor.fr/Profile/135meryamg;135meryamg;5;;Membre depuis août 2018
https://www.tripadvisor.fr/Profile/kevinhubert16;kevinhubert16;8;Macot-la-Plagne, France;Membre depuis août 2018
https://www.tripadvisor.fr/Profile/Gourmand-savoyard;Gourmand-savoyard;42;Saint-Alban-Leysse, France;Membre depuis août 2010
https://www.tripadvisor.fr/Profile/biankdecome;biankdecome;48;Chambéry, France;Membre depuis juil. 2012
https://www.tripadvisor.fr/Profile/JeanX92410;JeanX92410;3;Ville D'Avray, France;Membre depuis août 2017
https://www.tripadvisor.fr/Profile/mathigoalp;mathigoalp;2;;Membre depuis août 2018
https://www.tripadvisor.fr/Profile/J5616BVbenb;J5616BVbenb;1;;Membre depuis août 2016
https://www.tripadvisor.fr/Profile/Pebbb;Pebbb;22;Grenoble, France;Membre depuis août 2014
https://www.tripadvisor.fr/Profile/michaeldI5241BA;michaeldI5241BA;1;;Membre depuis août 2018
https://www.tripadvisor.fr/Profile/jocelynemollard;jocelynemollard;31;Chambéry, France;Membre depuis nov. 2017
https://www.tripadvisor.fr/Profile/hugerpascal;hugerpascal;8;Lagny-sur-Marne, France;Membre depuis févr. 2017
https://www.tripadvisor.fr/Profile/472c_linef;472c_linef;1;;Membre depuis août 2018
https://www.tripadvisor.fr/Profile/H2534LMrobertg;H2534LMrobertg;507;Montauban, France;Membre depuis août 2008
https://www.tripadvisor.fr/Profile/L7818ILericj;L7818ILericj;2;;Membre depuis juil. 2018
https://www.tripadvisor.fr/Profile/myleness;myleness;7;Chambéry, France;Membre depuis janv. 2016
https://www.tripadvisor.fr/Profile/floflow17;floflow17;1;Chambéry, France;Membre depuis juil. 2018
https://www.tripadvisor.fr/Profile/RolandD371;RolandD371;1;;Membre depuis mai 2012
https://www.tripadvisor.fr/Profile/spicybarb;spicybarb;29;;Membre depuis févr. 2013
https://www.tripadvisor.fr/Profile/Val7337;Val7337;1;Chambéry, France;Membre depuis juin 2018
https://www.tripadvisor.fr/Profile/vanuxememmanuel;vanuxememmanuel;2;Lyon, France;Membre depuis juin 2018
https://www.tripadvisor.fr/Profile/BeaPdmc;BeaPdmc;35;Blace, France;Membre depuis avr. 2015
https://www.tripadvisor.fr/Profile/romea73;romea73;12;Chambéry, France;Membre depuis sept. 2010
https://www.tripadvisor.fr/Profile/Travel06000;Travel06000;340;;Membre depuis août 2016
https://www.tripadvisor.fr/Profile/kittylegras;kittylegras;2;La Ravoire, France;Membre depuis mai 2018
https://www.tripadvisor.fr/Profile/73j_r_meg;73j_r_meg;1;;Membre depuis mai 2018
https://www.tripadvisor.fr/Profile/Z1925QYrichardb;Z1925QYrichardb;8;Soissons, France;Membre depuis déc. 2014
https://www.tripadvisor.fr/Profile/ytp2018;ytp2018;34;Chambéry, France;Membre depuis mars 2016
https://www.tripadvisor.fr/Profile/damienetlaetitiabois;damienetlaetitiabois;2;Montmélian, France;Membre depuis avr. 2018
https://www.tripadvisor.fr/Profile/Countryside01;Countryside01;909;Canton de Genève, Suisse;Membre depuis avr. 2010
https://www.tripadvisor.fr/Profile/570r_gined;570r_gined;53;Chambéry, France;Membre depuis oct. 2015
https://www.tripadvisor.fr/Profile/zelal25;zelal25;327;Calvi, France;Membre depuis juil. 2012
https://www.tripadvisor.fr/Profile/mariebouchet;mariebouchet;1;Chambéry, France;Membre depuis mars 2018
https://www.tripadvisor.fr/Profile/Papyvoyageur;Papyvoyageur;92;France;Membre depuis sept. 2016
https://www.tripadvisor.fr/Profile/chldcht;chldcht;115;Bordeaux, France;Membre depuis déc. 2016
https://www.tripadvisor.fr/Profile/AlexLeNissart;AlexLeNissart;1;Nice, France;Membre depuis juil. 2014
https://www.tripadvisor.fr/Profile/sonnnya;sonnnya;30;Marrakech, Maroc;Membre depuis févr. 2014
https://www.tripadvisor.fr/Profile/Hellosteph73;Hellosteph73;2;Chambéry, France;Membre depuis déc. 2014
https://www.tripadvisor.fr/Profile/emmanuellec281;emmanuellec281;1;;Membre depuis févr. 2018
https://www.tripadvisor.fr/Profile/Mumucreation;Mumucreation;88;sion;Membre depuis sept. 2011
https://www.tripadvisor.fr/Profile/smithieux;smithieux;30;Chambéry, France;Membre depuis juin 2017
https://www.tripadvisor.fr/Profile/107myriamb;107myriamb;41;France;Membre depuis févr. 2014
https://www.tripadvisor.fr/Profile/549oc_anel;549oc_anel;2;;Membre depuis févr. 2018
https://www.tripadvisor.fr/Profile/756celinea;756celinea;13;Savoie, France;Membre depuis juin 2014
https://www.tripadvisor.fr/Profile/beatricerenoud8795;beatricerenoud8795;12;Amiens, France;Membre depuis janv. 2018
https://www.tripadvisor.fr/Profile/brunob502;brunob502;44;Lyon, France;Membre depuis janv. 2014
https://www.tripadvisor.fr/Profile/Les_Boudis;Les_Boudis;57;Chambéry, France;Membre depuis déc. 2015
https://www.tripadvisor.fr/Profile/235dayanr;235dayanr;55;Grésy-sur-Aix, France;Membre depuis mai 2016
https://www.tripadvisor.fr/Profile/franckyphap01;franckyphap01;84;Gex, France;Membre depuis avr. 2015
https://www.tripadvisor.fr/Profile/amerbeton42;amerbeton42;27;Clermont-Ferrand, France;Membre depuis nov. 2017
https://www.tripadvisor.fr/Profile/MagNess76;MagNess76;71;Rouen, France;Membre depuis juil. 2014
https://www.tripadvisor.fr/Profile/Lydydy;Lydydy;54;Chambéry, France;Membre depuis mai 2014
https://www.tripadvisor.fr/Profile/X5034ZQericb;X5034ZQericb;22;;Membre depuis juin 2015
https://www.tripadvisor.fr/Profile/sylviecR321GS;sylviecR321GS;11;;Membre depuis août 2017
https://www.tripadvisor.fr/Profile/lacocotte2017;lacocotte2017;13;Le Pont-de-Beauvoisin , France;Membre depuis avr. 2017
https://www.tripadvisor.fr/Profile/Valyo73;Valyo73;89;Modane, France;Membre depuis janv. 2014
https://www.tripadvisor.fr/Profile/florentb179;florentb179;28;Dolomieu, France;Membre depuis déc. 2014
https://www.tripadvisor.fr/Profile/celined701;celined701;47;Beaune, France;Membre depuis août 2013
https://www.tripadvisor.fr/Profile/mathildejanvresse;mathildejanvresse;8;Chambéry, France;Membre depuis mars 2015
https://www.tripadvisor.fr/Profile/merlinlenchanteur;merlinlenchanteur;103;Le Bourget-du-Lac, France;Membre depuis oct. 2013
https://www.tripadvisor.fr/Profile/0609;609;367;Liège, Belgique;Membre depuis mai 2008
https://www.tripadvisor.fr/Profile/cheyenne73600;cheyenne73600;168;Albertville, France;Membre depuis nov. 2012
https://www.tripadvisor.fr/Profile/Filougrec;Filougrec;60;Chambéry;Membre depuis oct. 2010
https://www.tripadvisor.fr/Profile/JMRB73;JMRB73;214;Aix-les-Bains, France;Membre depuis avr. 2014
https://www.tripadvisor.fr/Profile/504raphaela;504raphaela;15;Montmélian, France;Membre depuis oct. 2014
https://www.tripadvisor.fr/Profile/708agnesh;708agnesh;9;Aix-les-Bains, France;Membre depuis déc. 2013
https://www.tripadvisor.fr/Profile/francisd110;francisd110;1;;Membre depuis sept. 2017
https://www.tripadvisor.fr/Profile/mamienovapalm;mamienovapalm;1;;Membre depuis sept. 2017
https://www.tripadvisor.fr/Profile/251morganes;251morganes;8;;Membre depuis sept. 2017
https://www.tripadvisor.fr/Profile/Imkhrys;Imkhrys;1;Paris, France;Membre depuis sept. 2017
https://www.tripadvisor.fr/Profile/brasilerou;brasilerou;88;Chambéry, France;Membre depuis août 2014
https://www.tripadvisor.fr/Profile/DineavecSandrine;DineavecSandrine;242;Chambéry, France;Membre depuis févr. 2015
https://www.tripadvisor.fr/Profile/SPAZIO111;SPAZIO111;25;Lyon, France;Membre depuis août 2012
https://www.tripadvisor.fr/Profile/682alicem;682alicem;35;;Membre depuis août 2014
https://www.tripadvisor.fr/Profile/jeromemaryline;jeromemaryline;45;Chambéry, France;Membre depuis mai 2016
https://www.tripadvisor.fr/Profile/161emyr;161emyr;7;Chambéry, France;Membre depuis juin 2016
https://www.tripadvisor.fr/Profile/VincentPtl;VincentPtl;37;Lyon, France;Membre depuis août 2017
https://www.tripadvisor.fr/Profile/_F830ZU;_F830ZU;17;;Membre depuis juil. 2017
https://www.tripadvisor.fr/Profile/Titeuf6463;Titeuf6463;160;TEYRAN;Membre depuis juil. 2011
https://www.tripadvisor.fr/Profile/U5116GKsylvieb;U5116GKsylvieb;109;;Membre depuis mai 2017
https://www.tripadvisor.fr/Profile/Ellyona;Ellyona;87;Savoie, France;Membre depuis mai 2016
https://www.tripadvisor.fr/Profile/Erick2222;Erick2222;224;Lyon, France;Membre depuis oct. 2016
https://www.tripadvisor.fr/Profile/PauloG3157;PauloG3157;3;Savoie, France;Membre depuis avr. 2017
https://www.tripadvisor.fr/Profile/matthias582;matthias582;2;Nice, France;Membre depuis août 2012
https://www.tripadvisor.fr/Profile/nelloce;nelloce;1;Voiron, France;Membre depuis juil. 2017
https://www.tripadvisor.fr/Profile/michelj436;michelj436;16;Valence;Membre depuis févr. 2016
https://www.tripadvisor.fr/Profile/Durandal7473;Durandal7473;12;;Membre depuis juin 2017
https://www.tripadvisor.fr/Profile/jazz83780;jazz83780;5;Flayosc, France;Membre depuis juin 2017
https://www.tripadvisor.fr/Profile/bernardc213;bernardc213;125;Bordeaux, France;Membre depuis juil. 2014
https://www.tripadvisor.fr/Profile/633ayaria;633ayaria;5;;Membre depuis mai 2016
https://www.tripadvisor.fr/Profile/kadirerat3873;kadirerat3873;2;Tournon, France;Membre depuis mai 2017
https://www.tripadvisor.fr/Profile/manono464;manono464;23;;Membre depuis févr. 2017
https://www.tripadvisor.fr/Profile/nikolal30;nikolal30;2;;Membre depuis août 2014
https://www.tripadvisor.fr/Profile/emy73974;emy73974;5;;Membre depuis mai 2015
https://www.tripadvisor.fr/Profile/stephanie01700;stephanie01700;51;Lyon, France;Membre depuis juil. 2008
https://www.tripadvisor.fr/Profile/434fabrices;434fabrices;5;;Membre depuis sept. 2016
https://www.tripadvisor.fr/Profile/MART042;MART042;19;Lyon, France;Membre depuis nov. 2014
https://www.tripadvisor.fr/Profile/ADRIANAM217;ADRIANAM217;80;Savoie, France;Membre depuis juin 2013
https://www.tripadvisor.fr/Profile/35jeanmichel;35jeanmichel;62;Trégastel, France;Membre depuis juil. 2015
https://www.tripadvisor.fr/Profile/mcpk2015;mcpk2015;21;Cannes, France;Membre depuis févr. 2012
https://www.tripadvisor.fr/Profile/Pelimou;Pelimou;32;Chambéry, France;Membre depuis déc. 2015
https://www.tripadvisor.fr/Profile/556mathildep;556mathildep;3;Grenoble, France;Membre depuis janv. 2016
https://www.tripadvisor.fr/Profile/couple73000;couple73000;24;Chambéry, France;Membre depuis nov. 2012
https://www.tripadvisor.fr/Profile/ps-sarto;ps-sarto;56;Challes-les-Eaux, France;Membre depuis mai 2016
https://www.tripadvisor.fr/Profile/TitCec73;TitCec73;5;Aix-les-Bains, France;Membre depuis sept. 2013
https://www.tripadvisor.fr/Profile/manonv151;manonv151;57;Genève, Suisse;Membre depuis déc. 2012
https://www.tripadvisor.fr/Profile/Happiness454198;Happiness454198;4;;Membre depuis mai 2013
https://www.tripadvisor.fr/Profile/Yaya5589;Yaya5589;236;Annecy, France;Membre depuis janv. 2013
https://www.tripadvisor.fr/Profile/Let_Fanfan;Let_Fanfan;127;Lyon, France;Membre depuis avr. 2008
https://www.tripadvisor.fr/Profile/496patrickl;496patrickl;19;;Membre depuis mai 2014
https://www.tripadvisor.fr/Profile/jos_cV7172UR;jos_cV7172UR;76;Froges, France;Membre depuis janv. 2015
https://www.tripadvisor.fr/Profile/polidord;polidord;127;;Membre depuis mai 2015
https://www.tripadvisor.fr/Profile/NataleK_13;NataleK_13;34;Clermont-Ferrand, France;Membre depuis mars 2013
https://www.tripadvisor.fr/Profile/S1376QNmarcd;S1376QNmarcd;50;Chambéry, France;Membre depuis août 2014
https://www.tripadvisor.fr/Profile/ingridthuet;ingridthuet;151;el chalten;Membre depuis mars 2011
https://www.tripadvisor.fr/Profile/Tessvanille;Tessvanille;79;Chambéry, France;Membre depuis avr. 2013
https://www.tripadvisor.fr/Profile/845marianneg;845marianneg;25;Chambéry, France;Membre depuis avr. 2015
https://www.tripadvisor.fr/Profile/MontNicMarc;MontNicMarc;83;;Membre depuis déc. 2016
https://www.tripadvisor.fr/Profile/Z4202AGdavidn;Z4202AGdavidn;3;Chambéry, France;Membre depuis déc. 2016
https://www.tripadvisor.fr/Profile/gregoireg2014;gregoireg2014;36;Montréal, Canada;Membre depuis janv. 2014
https://www.tripadvisor.fr/Profile/N8117EDmichelep;N8117EDmichelep;15;;Membre depuis mai 2016
https://www.tripadvisor.fr/Profile/Cesapit;Cesapit;5;Savigneux, France;Membre depuis janv. 2014
https://www.tripadvisor.fr/Profile/antoinee503;antoinee503;282;Paris, France;Membre depuis juin 2013
https://www.tripadvisor.fr/Profile/romaind339;romaind339;70;;Membre depuis nov. 2012
https://www.tripadvisor.fr/Profile/M7255GCanneg;M7255GCanneg;13;;Membre depuis avr. 2016
https://www.tripadvisor.fr/Profile/Laurent7379;Laurent7379;11;La Ravoire, France;Membre depuis juil. 2015
https://www.tripadvisor.fr/Profile/juliedD4101QX;juliedD4101QX;49;Bordeaux, France;Membre depuis juin 2014
https://www.tripadvisor.fr/Profile/sengasi;sengasi;51;st Germain en Laye;Membre depuis juil. 2013
https://www.tripadvisor.fr/Profile/877lucilled;877lucilled;34;Montmélian, France;Membre depuis juil. 2014
https://www.tripadvisor.fr/Profile/Tbird1965;Tbird1965;47;Chaville;Membre depuis août 2013
https://www.tripadvisor.fr/Profile/R1DC;R1DC;185;Bordeaux, France;Membre depuis janv. 2015
https://www.tripadvisor.fr/Profile/catherinemL465IQ;catherinemL465IQ;5;;Membre depuis août 2016
https://www.tripadvisor.fr/Profile/Bastou01;Bastou01;29;Chambéry, France;Membre depuis juin 2015
https://www.tripadvisor.fr/Profile/998verob;998verob;37;;Membre depuis juil. 2014
https://www.tripadvisor.fr/Profile/gnegness;gnegness;257;Annemasse, France;Membre depuis juin 2010
https://www.tripadvisor.fr/Profile/ArthurIck;ArthurIck;9;Chambéry, France;Membre depuis mars 2016
https://www.tripadvisor.fr/Profile/ChrisG154;ChrisG154;192;Bordeaux, France;Membre depuis déc. 2012
https://www.tripadvisor.fr/Profile/669fjg;669fjg;57;Chambéry, France;Membre depuis nov. 2012
https://www.tripadvisor.fr/Profile/jeanfran_oisn805;jeanfran_oisn805;54;;Membre depuis août 2014
https://www.tripadvisor.fr/Profile/nianlu;nianlu;679;Colmar, France;Membre depuis févr. 2014
https://www.tripadvisor.fr/Profile/fabulous73000;fabulous73000;4;Chambéry, France;Membre depuis juil. 2016
https://www.tripadvisor.fr/Profile/benttizentie;benttizentie;6;;Membre depuis févr. 2013
https://www.tripadvisor.fr/Profile/mickette36;mickette36;5;Saint-Pierre-d'Albigny, France;Membre depuis avr. 2016
https://www.tripadvisor.fr/Profile/ericdV2666KN;ericdV2666KN;10;Chambéry, France;Membre depuis déc. 2009
https://www.tripadvisor.fr/Profile/Nikow69;Nikow69;202;Villeneuve-lès-Béziers, France;Membre depuis juil. 2015
https://www.tripadvisor.fr/Profile/BrigitteB331;BrigitteB331;78;Chambéry, France;Membre depuis sept. 2012
https://www.tripadvisor.fr/Profile/claran886;claran886;3;Chambéry, France;Membre depuis mai 2016
https://www.tripadvisor.fr/Profile/Maria-Cedric070614;Maria-Cedric070614;31;Les Marches, France;Membre depuis juil. 2015
https://www.tripadvisor.fr/Profile/S1376QNmarcd;S1376QNmarcd;50;Chambéry, France;Membre depuis août 2014
https://www.tripadvisor.fr/Profile/206audreyl;206audreyl;1;Nances, France;Membre depuis août 2015
https://www.tripadvisor.fr/Profile/weps25;weps25;8;Londres, Royaume-Uni;Membre depuis janv. 2010
https://www.tripadvisor.fr/Profile/justine1601;justine1601;11;Lyon, France;Membre depuis mars 2016
https://www.tripadvisor.fr/Profile/491dg;491dg;60;Savoie, France;Membre depuis sept. 2015
https://www.tripadvisor.fr/Profile/yvan323;yvan323;9;Londres, Royaume-Uni;Membre depuis mai 2010
https://www.tripadvisor.fr/Profile/nanour626;nanour626;15;;Membre depuis juin 2015
https://www.tripadvisor.fr/Profile/DelphLadet;DelphLadet;86;Bourg Saint Maurice, France;Membre depuis mars 2012
https://www.tripadvisor.fr/Profile/vivelesdiots;vivelesdiots;1;Annemasse, France;Membre depuis avr. 2016
https://www.tripadvisor.fr/Profile/by_meliss;by_meliss;203;Chambéry, France;Membre depuis avr. 2016
https://www.tripadvisor.fr/Profile/petiteile73;petiteile73;1;;Membre depuis avr. 2016
https://www.tripadvisor.fr/Profile/mickette36;mickette36;5;Saint-Pierre-d'Albigny, France;Membre depuis avr. 2016
https://www.tripadvisor.fr/Profile/519patriciab;519patriciab;16;Vélizy-Villacoublay, France;Membre depuis mai 2014
https://www.tripadvisor.fr/Profile/PopyseL;PopyseL;82;;Membre depuis août 2012
https://www.tripadvisor.fr/Profile/Les_Boudis;Les_Boudis;57;Chambéry, France;Membre depuis déc. 2015
https://www.tripadvisor.fr/Profile/LC1989Belgium;LC1989Belgium;134;Liège, Belgique;Membre depuis avr. 2008
https://www.tripadvisor.fr/Profile/RachelS811;RachelS811;5;Annemasse, France;Membre depuis janv. 2013
https://www.tripadvisor.fr/Profile/xyzw7;xyzw7;4;Ribes, France;Membre depuis mars 2016
https://www.tripadvisor.fr/Profile/marylinand;marylinand;47;La Motte Servolex, France;Membre depuis mai 2014
https://www.tripadvisor.fr/Profile/mathildecapry;mathildecapry;7;Nantes, France;Membre depuis déc. 2014
https://www.tripadvisor.fr/Profile/KathiaP6975;KathiaP6975;182;Lyon, France;Membre depuis mars 2016
https://www.tripadvisor.fr/Profile/christophebO1604FA;christophebO1604FA;11;;Membre depuis août 2015
https://www.tripadvisor.fr/Profile/sista640;sista640;14;Chambéry, France;Membre depuis sept. 2015
https://www.tripadvisor.fr/Profile/B4594EQpaula;B4594EQpaula;28;Ferney-Voltaire, France;Membre depuis avr. 2014
https://www.tripadvisor.fr/Profile/903evelynec;903evelynec;6;;Membre depuis févr. 2016
https://www.tripadvisor.fr/Profile/stopistom;stopistom;3;Paris, France;Membre depuis févr. 2016
https://www.tripadvisor.fr/Profile/stackj2016;stackj2016;6;Chambéry, France;Membre depuis févr. 2016
https://www.tripadvisor.fr/Profile/M204lv;M204lv;126;La Chapelle-en-Serval, France;Membre depuis mars 2013
https://www.tripadvisor.fr/Profile/Elfy21;Elfy21;135;Chambéry, France;Membre depuis sept. 2015
https://www.tripadvisor.fr/Profile/550alaine;550alaine;42;Couches, France;Membre depuis nov. 2014
https://www.tripadvisor.fr/Profile/710dimitric;710dimitric;2;Annecy-le-Vieux, France;Membre depuis févr. 2015
https://www.tripadvisor.fr/Profile/loan3009;loan3009;3;Saint-Pierre-d'Albigny, France;Membre depuis mai 2014
https://www.tripadvisor.fr/Profile/mariaG547SK;mariaG547SK;3;;Membre depuis déc. 2015
https://www.tripadvisor.fr/Profile/Stephanemartindelion;Stephanemartindelion;32;Paris, France;Membre depuis nov. 2007
https://www.tripadvisor.fr/Profile/122albang;122albang;7;Thaïlande;Membre depuis juil. 2015
https://www.tripadvisor.fr/Profile/807mathildes;807mathildes;2;;Membre depuis sept. 2015
https://www.tripadvisor.fr/Profile/996nicolea;996nicolea;106;Aix-les-Bains, France;Membre depuis oct. 2014
https://www.tripadvisor.fr/Profile/ga_tanc719;ga_tanc719;5;;Membre depuis juil. 2015
https://www.tripadvisor.fr/Profile/JPTrip62;JPTrip62;71;Lens;Membre depuis juin 2013
https://www.tripadvisor.fr/Profile/437nadiaj;437nadiaj;317;Le Bourget-du-Lac, France;Membre depuis déc. 2014
https://www.tripadvisor.fr/Profile/sapotin;sapotin;8;Le Versoud, France;Membre depuis déc. 2015
https://www.tripadvisor.fr/Profile/denisb284;denisb284;19;;Membre depuis avr. 2015
https://www.tripadvisor.fr/Profile/alains81;alains81;156;Nice, France;Membre depuis avr. 2014
https://www.tripadvisor.fr/Profile/551cg;551cg;2;Valgelon-La Rochette, France;Membre depuis nov. 2015
https://www.tripadvisor.fr/Profile/ParisFloflo;ParisFloflo;45;paris;Membre depuis oct. 2008
https://www.tripadvisor.fr/Profile/Alanfox2a;Alanfox2a;149;Corse-du-Sud, France;Membre depuis févr. 2018
https://www.tripadvisor.fr/Profile/482martinef;482martinef;1;;Membre depuis nov. 2015
https://www.tripadvisor.fr/Profile/coscastel;coscastel;57;;Membre depuis juin 2015
https://www.tripadvisor.fr/Profile/sophieg263;sophieg263;24;Annecy, France;Membre depuis juil. 2015
https://www.tripadvisor.fr/Profile/guillaumem990;guillaumem990;1;Grenoble, France;Membre depuis oct. 2015
https://www.tripadvisor.fr/Profile/christophecH2456UQ;christophecH2456UQ;52;Saint-Étienne, France;Membre depuis oct. 2010
https://www.tripadvisor.fr/Profile/kaij0u;kaij0u;53;Chapareillan, France;Membre depuis janv. 2014
https://www.tripadvisor.fr/Profile/mathildecapry;mathildecapry;7;Nantes, France;Membre depuis déc. 2014
https://www.tripadvisor.fr/Profile/652jeanchristophel;652jeanchristophel;2;Lyon, France;Membre depuis oct. 2015
https://www.tripadvisor.fr/Profile/14alicef;14alicef;7;;Membre depuis oct. 2015
https://www.tripadvisor.fr/Profile/TPMN73;TPMN73;96;chambery;Membre depuis févr. 2009
https://www.tripadvisor.fr/Profile/Marjolaine2689;Marjolaine2689;19;Chambéry, France;Membre depuis sept. 2015
https://www.tripadvisor.fr/Profile/fredb688;fredb688;4;Bassens, France;Membre depuis août 2012
https://www.tripadvisor.fr/Profile/812ericf;812ericf;191;Chambéry, France;Membre depuis sept. 2009
https://www.tripadvisor.fr/Profile/anaissanais;anaissanais;135;Taipei, Taïwan;Membre depuis août 2013
https://www.tripadvisor.fr/Profile/349elisabethg;349elisabethg;14;Trévignin, France;Membre depuis févr. 2015
https://www.tripadvisor.fr/Profile/Blueway2015;Blueway2015;7;Saint-Martin-d'Uriage, France;Membre depuis juil. 2008
https://www.tripadvisor.fr/Profile/423martinem;423martinem;8;Valgelon-La Rochette, France;Membre depuis août 2015
https://www.tripadvisor.fr/Profile/pro867;pro867;1;Loir-et-Cher, France;Membre depuis août 2015
https://www.tripadvisor.fr/Profile/far_sm2015;far_sm2015;12;;Membre depuis août 2015
https://www.tripadvisor.fr/Profile/Leon_Nah-Poh;Leon_Nah-Poh;2;Aups, France;Membre depuis août 2015
https://www.tripadvisor.fr/Profile/342remyf;342remyf;2;;Membre depuis août 2015
https://www.tripadvisor.fr/Profile/Ozykai;Ozykai;35;Marseille, France;Membre depuis avr. 2015
https://www.tripadvisor.fr/Profile/Maria-Cedric070614;Maria-Cedric070614;31;Les Marches, France;Membre depuis juil. 2015
https://www.tripadvisor.fr/Profile/Mahimahi30;Mahimahi30;56;;Membre depuis mai 2015
https://www.tripadvisor.fr/Profile/stanislasparis75;stanislasparis75;100;Paris, France;Membre depuis nov. 2010
https://www.tripadvisor.fr/Profile/fab73000;fab73000;19;;Membre depuis mars 2011
https://www.tripadvisor.fr/Profile/972sergev;972sergev;394;Lyon, France;Membre depuis mai 2014
https://www.tripadvisor.fr/Profile/luigilaetitia;luigilaetitia;56;Lyon, France;Membre depuis nov. 2013
https://www.tripadvisor.fr/Profile/577amandineg;577amandineg;181;La Ravoire, France;Membre depuis janv. 2015
https://www.tripadvisor.fr/Profile/temesto;temesto;173;Blois, France;Membre depuis juin 2010
https://www.tripadvisor.fr/Profile/christophej536;christophej536;12;Annecy-le-Vieux, France;Membre depuis févr. 2015
https://www.tripadvisor.fr/Profile/Yanchau;Yanchau;11;Chambéry, France;Membre depuis nov. 2012
https://www.tripadvisor.fr/Profile/906b_atricec;906b_atricec;2;;Membre depuis mai 2015
https://www.tripadvisor.fr/Profile/audreyr685;audreyr685;91;Chambéry, France;Membre depuis mai 2012
https://www.tripadvisor.fr/Profile/veronica310;veronica310;15;Agen, France;Membre depuis déc. 2012
https://www.tripadvisor.fr/Profile/alrich792;alrich792;117;Épeigné-les-Bois, France;Membre depuis févr. 2013
https://www.tripadvisor.fr/Profile/paulinebC667DQ;paulinebC667DQ;3;Annecy-le-Vieux, France;Membre depuis févr. 2015
https://www.tripadvisor.fr/Profile/EGR0154;EGR0154;91;Saint-Malo, France;Membre depuis juin 2013
https://www.tripadvisor.fr/Profile/BrigitteB331;BrigitteB331;78;Chambéry, France;Membre depuis sept. 2012
https://www.tripadvisor.fr/Profile/chantalounette;chantalounette;23;aureilhan;Membre depuis juin 2010
https://www.tripadvisor.fr/Profile/nemesis73000;nemesis73000;37;;Membre depuis juin 2013
https://www.tripadvisor.fr/Profile/Sheckley;Sheckley;50;Pugny-Chatenod, Savoie;Membre depuis oct. 2008
https://www.tripadvisor.fr/Profile/rosemarym150;rosemarym150;78;lapouyade;Membre depuis nov. 2013
https://www.tripadvisor.fr/Profile/karolapass;karolapass;100;Annecy, France;Membre depuis sept. 2010
https://www.tripadvisor.fr/Profile/michellemH7095PP;michellemH7095PP;1;Chambéry, France;Membre depuis avr. 2015
https://www.tripadvisor.fr/Profile/BP2NICE;BP2NICE;8;Nice, France;Membre depuis juil. 2013
https://www.tripadvisor.fr/Profile/Q9076RUlauraf;Q9076RUlauraf;3;Chambéry, France;Membre depuis avr. 2015
https://www.tripadvisor.fr/Profile/CharlotteR636;CharlotteR636;44;;Membre depuis mai 2013
https://www.tripadvisor.fr/Profile/VirginieN423;VirginieN423;8;Saint Rémy de Maurienne;Membre depuis juil. 2012
https://www.tripadvisor.fr/Profile/705nicolasr;705nicolasr;45;Romans-sur-Isère, France;Membre depuis mars 2012
https://www.tripadvisor.fr/Profile/corredrue;corredrue;228;Ville du Mans, France;Membre depuis août 2010
https://www.tripadvisor.fr/Profile/J1072RPmariel;J1072RPmariel;3;La Ravoire, France;Membre depuis mars 2015
https://www.tripadvisor.fr/Profile/Loic38000;Loic38000;2;;Membre depuis mars 2015
https://www.tripadvisor.fr/Profile/lioraw2014;lioraw2014;65;;Membre depuis juil. 2014
https://www.tripadvisor.fr/Profile/928s_bastienl;928s_bastienl;6;La Motte Servolex, France;Membre depuis févr. 2015
https://www.tripadvisor.fr/Profile/987pierred;987pierred;8;Paris, France;Membre depuis févr. 2015
https://www.tripadvisor.fr/Profile/DineavecSandrine;DineavecSandrine;242;Chambéry, France;Membre depuis févr. 2015
https://www.tripadvisor.fr/Profile/carlo73230;carlo73230;192;Chambéry, France;Membre depuis août 2014
https://www.tripadvisor.fr/Profile/931jd25;931jd25;1;Pontcharra, France;Membre depuis févr. 2015
https://www.tripadvisor.fr/Profile/joelG770;joelG770;118;;Membre depuis mai 2013
https://www.tripadvisor.fr/Profile/cococritique74;cococritique74;533;Annecy-le-Vieux, France;Membre depuis avr. 2014
https://www.tripadvisor.fr/Profile/gnegness;gnegness;257;Annemasse, France;Membre depuis juin 2010
https://www.tripadvisor.fr/Profile/RallyeGirl74;RallyeGirl74;6;Saint-Genix-sur-Guiers, France;Membre depuis nov. 2012
https://www.tripadvisor.fr/Profile/Marky_Mark7339;Marky_Mark7339;1;Chambéry, France;Membre depuis juil. 2012
https://www.tripadvisor.fr/Profile/915leslies;915leslies;23;Annecy-le-Vieux, France;Membre depuis nov. 2014
https://www.tripadvisor.fr/Profile/mathildecapry;mathildecapry;7;Nantes, France;Membre depuis déc. 2014
https://www.tripadvisor.fr/Profile/190simong;190simong;5;Lyon, France;Membre depuis déc. 2014
https://www.tripadvisor.fr/Profile/philippeb464;philippeb464;94;Wavre, Belgique;Membre depuis juil. 2014
https://www.tripadvisor.fr/Profile/Carlo285;Carlo285;2;Annecy;Membre depuis avr. 2012
https://www.tripadvisor.fr/Profile/laurentc317;laurentc317;2;Chambéry, France;Membre depuis déc. 2014
https://www.tripadvisor.fr/Profile/SwissTesting;SwissTesting;473;Genève, Suisse;Membre depuis sept. 2013
https://www.tripadvisor.fr/Profile/naimav;naimav;15;Chambéry, France;Membre depuis févr. 2014
https://www.tripadvisor.fr/Profile/orchydee73;orchydee73;150;Villefranche-sur-Saône, France;Membre depuis oct. 2012
https://www.tripadvisor.fr/Profile/Axelsic;Axelsic;14;;Membre depuis juil. 2013
https://www.tripadvisor.fr/Profile/ludovict982;ludovict982;5;;Membre depuis juil. 2014
https://www.tripadvisor.fr/Profile/728sylviem;728sylviem;5;;Membre depuis nov. 2014
https://www.tripadvisor.fr/Profile/olivierm942;olivierm942;5;Chambéry, France;Membre depuis nov. 2014
https://www.tripadvisor.fr/Profile/JACQUESB871;JACQUESB871;89;Aoste, France;Membre depuis mars 2013
https://www.tripadvisor.fr/Profile/marik74;marik74;22;thonon les bains;Membre depuis janv. 2010
https://www.tripadvisor.fr/Profile/wackykiki;wackykiki;13;Vaux-le-Penil, France;Membre depuis juin 2013
https://www.tripadvisor.fr/Profile/Charlene_ch73;Charlene_ch73;6;Chambéry, France;Membre depuis oct. 2012
https://www.tripadvisor.fr/Profile/147ga_llem;147ga_llem;10;Chambéry, France;Membre depuis oct. 2014
https://www.tripadvisor.fr/Profile/marrianneplus;marrianneplus;70;Chambéry, France;Membre depuis sept. 2014
https://www.tripadvisor.fr/Profile/annesophies531;annesophies531;109;Chambéry, France;Membre depuis sept. 2014
https://www.tripadvisor.fr/Profile/VB59;VB59;72;Valenciennes, France;Membre depuis mars 2011
https://www.tripadvisor.fr/Profile/S1376QNmarcd;S1376QNmarcd;50;Chambéry, France;Membre depuis août 2014
https://www.tripadvisor.fr/Profile/gg_felber;gg_felber;211;Thonon-les-Bains, France;Membre depuis janv. 2014
https://www.tripadvisor.fr/Profile/475s_bastiend;475s_bastiend;1;;Membre depuis sept. 2014
https://www.tripadvisor.fr/Profile/NaneSyl;NaneSyl;19;Chambéry, France;Membre depuis avr. 2014
https://www.tripadvisor.fr/Profile/767thibaudp;767thibaudp;1;;Membre depuis avr. 2012
https://www.tripadvisor.fr/Profile/568claired;568claired;3;Aix-les-Bains, France;Membre depuis août 2014
https://www.tripadvisor.fr/Profile/malcolmc715;malcolmc715;3;Nantes, France;Membre depuis juil. 2014
https://www.tripadvisor.fr/Profile/Lumiere51;Lumiere51;62;Chambéry, France;Membre depuis août 2013
https://www.tripadvisor.fr/Profile/Ced38500;Ced38500;38;Chambéry, France;Membre depuis juin 2013
https://www.tripadvisor.fr/Profile/VOYAGEUREPICURIEN;VOYAGEUREPICURIEN;225;Arras, France;Membre depuis juin 2011
https://www.tripadvisor.fr/Profile/nirvans2013;nirvans2013;10;;Membre depuis nov. 2013
https://www.tripadvisor.fr/Profile/nirv_ns;nirv_ns;2;;Membre depuis mai 2014
https://www.tripadvisor.fr/Profile/donnersonavis;donnersonavis;90;Chambéry, France;Membre depuis oct. 2010
https://www.tripadvisor.fr/Profile/CatherineF202;CatherineF202;29;Aix les bains;Membre depuis sept. 2012
https://www.tripadvisor.fr/Profile/marguerettazm;marguerettazm;1;;Membre depuis mai 2014
https://www.tripadvisor.fr/Profile/floriang869;floriang869;1;Chambéry, France;Membre depuis mai 2014
https://www.tripadvisor.fr/Profile/167bryanc;167bryanc;1;Saint-Pierre-d'Albigny, France;Membre depuis mai 2014
https://www.tripadvisor.fr/Profile/loan3009;loan3009;3;Saint-Pierre-d'Albigny, France;Membre depuis mai 2014
https://www.tripadvisor.fr/Profile/minuty74;minuty74;1;Annecy, France;Membre depuis mai 2014
https://www.tripadvisor.fr/Profile/161damient;161damient;1;Chambéry, France;Membre depuis mai 2014
https://www.tripadvisor.fr/Profile/tplg73;tplg73;22;Chambéry, France;Membre depuis août 2013
https://www.tripadvisor.fr/Profile/LeTrioinfernal;LeTrioinfernal;3;Chambéry;Membre depuis mars 2013
https://www.tripadvisor.fr/Profile/JLN730;JLN730;37;Val d'Isère, France;Membre depuis juil. 2012
https://www.tripadvisor.fr/Profile/TPMN73;TPMN73;96;chambery;Membre depuis févr. 2009
https://www.tripadvisor.fr/Profile/107maries;107maries;31;Annecy, France;Membre depuis mars 2014
https://www.tripadvisor.fr/Profile/kaij0u;kaij0u;53;Chapareillan, France;Membre depuis janv. 2014
https://www.tripadvisor.fr/Profile/poudlard;poudlard;143;New York, État de New York;Membre depuis mars 2012
https://www.tripadvisor.fr/Profile/Jerem73;Jerem73;12;;Membre depuis avr. 2013
https://www.tripadvisor.fr/Profile/773luisar;773luisar;5;Meylan, France;Membre depuis mars 2014
https://www.tripadvisor.fr/Profile/joelG770;joelG770;118;;Membre depuis mai 2013
https://www.tripadvisor.fr/Profile/654badera;654badera;1;Chambéry, France;Membre depuis mars 2014
https://www.tripadvisor.fr/Profile/patrickf32;patrickf32;348;Antony, France;Membre depuis nov. 2011
https://www.tripadvisor.fr/Profile/thierry840;thierry840;49;Avignon, France;Membre depuis déc. 2011
https://www.tripadvisor.fr/Profile/ymaday;ymaday;19;Chambéry, France;Membre depuis juin 2013
https://www.tripadvisor.fr/Profile/saaxt;saaxt;111;Chambéry, France;Membre depuis juil. 2011
https://www.tripadvisor.fr/Profile/MarcoL88;MarcoL88;16;Lorraine;Membre depuis sept. 2009
https://www.tripadvisor.fr/Profile/Rhododingo;Rhododingo;4;Chambéry, France;Membre depuis août 2013
https://www.tripadvisor.fr/Profile/BastienN_60?fid=fc4c36a4-40fc-41e3-8c5b-9c6823362339;BastienN_60?fid=fc4c36a4-40fc-41e3-8c5b-9c6823362339;167;Ville de Compiègne, France;Membre depuis janv. 2013
https://www.tripadvisor.fr/Profile/alaint321;alaint321;5;Chambéry, France;Membre depuis déc. 2013
https://www.tripadvisor.fr/Profile/962yannf;962yannf;49;Saint-Martin-d'Heres, France;Membre depuis juil. 2012
https://www.tripadvisor.fr/Profile/711chantalp;711chantalp;3;Bassens, France;Membre depuis nov. 2013
https://www.tripadvisor.fr/Profile/50jenk;50jenk;101;Lyon, France;Membre depuis nov. 2013
https://www.tripadvisor.fr/Profile/Eole38;Eole38;40;Grenoble, France;Membre depuis août 2013
https://www.tripadvisor.fr/Profile/Tineste;Tineste;2;Belley, France;Membre depuis oct. 2013
https://www.tripadvisor.fr/Profile/jiff1664;jiff1664;33;Cernex, France;Membre depuis oct. 2010
https://www.tripadvisor.fr/Profile/Meatball-Marin;Meatball-Marin;15;Saint-François-Longchamp, France;Membre depuis juil. 2010
https://www.tripadvisor.fr/Profile/charlottel922;charlottel922;13;Nantes, France;Membre depuis sept. 2013
https://www.tripadvisor.fr/Profile/laurat59;laurat59;3;Royan, France;Membre depuis févr. 2012
https://www.tripadvisor.fr/Profile/95sophieb;95sophieb;15;Saint-Leu-la-Foret, France;Membre depuis févr. 2010
https://www.tripadvisor.fr/Profile/nicolasp913;nicolasp913;1;Bassens, France;Membre depuis août 2013
https://www.tripadvisor.fr/Profile/Ririloulou;Ririloulou;6;;Membre depuis juil. 2013
https://www.tripadvisor.fr/Profile/Amaisa;Amaisa;13;Chambéry, France;Membre depuis août 2011
https://www.tripadvisor.fr/Profile/Marc-AlainJ;Marc-AlainJ;60;Belfort, France;Membre depuis mars 2013
https://www.tripadvisor.fr/Profile/jefd172;jefd172;9;Bruges, Belgique;Membre depuis juin 2013
https://www.tripadvisor.fr/Profile/soleildesglenans;soleildesglenans;560;Quimper, France;Membre depuis oct. 2012
https://www.tripadvisor.fr/Profile/cyrilc824;cyrilc824;331;Annecy-le-Vieux, France;Membre depuis juil. 2012
https://www.tripadvisor.fr/Profile/Magalca;Magalca;23;;Membre depuis mai 2013
https://www.tripadvisor.fr/Profile/moustique93;moustique93;15;aulnay sous bois;Membre depuis juin 2010
https://www.tripadvisor.fr/Profile/manuedu01?fid=a839362b-daa4-4558-8003-52cecbc75555;manuedu01?fid=a839362b-daa4-4558-8003-52cecbc75555;7;;Membre depuis mars 2013
https://www.tripadvisor.fr/Profile/jbf_12;jbf_12;14;Chambéry, France;Membre depuis mai 2012
https://www.tripadvisor.fr/Profile/brigitteb827;brigitteb827;23;bruxelles belgium;Membre depuis nov. 2011
https://www.tripadvisor.fr/Profile/sophiee975;sophiee975;3;Chambéry, France;Membre depuis nov. 2012
https://www.tripadvisor.fr/Profile/syldator;syldator;117;Paris, France;Membre depuis juin 2012
https://www.tripadvisor.fr/Profile/ericdelonguenesse;ericdelonguenesse;312;longuenesse;Membre depuis oct. 2009
https://www.tripadvisor.fr/Profile/elianem299;elianem299;19;Chambéry, France;Membre depuis août 2012
https://www.tripadvisor.fr/Profile/LoThol;LoThol;63;Les Marches, France;Membre depuis sept. 2010
https://www.tripadvisor.fr/Profile/rarefo;rarefo;345;Paris, France;Membre depuis janv. 2013
https://www.tripadvisor.fr/Profile/Wwidget87;Wwidget87;79;Bruxelles, Belgique;Membre depuis mars 2011
https://www.tripadvisor.fr/Profile/DidierD187;DidierD187;25;Lyon;Membre depuis juil. 2012
https://www.tripadvisor.fr/Profile/myriamf_13;myriamf_13;1;Chambéry, France;Membre depuis janv. 2013
https://www.tripadvisor.fr/Profile/orianneb;orianneb;71;Paris, France;Membre depuis déc. 2012
https://www.tripadvisor.fr/Profile/HITA73;HITA73;106;Chambéry;Membre depuis août 2009
https://www.tripadvisor.fr/Profile/sophiee975;sophiee975;3;Chambéry, France;Membre depuis nov. 2012
https://www.tripadvisor.fr/Profile/poke73;poke73;11;Chambéry, France;Membre depuis nov. 2012
https://www.tripadvisor.fr/Profile/laurentB727;laurentB727;1;Poitiers, France;Membre depuis oct. 2012
https://www.tripadvisor.fr/Profile/sorgin68;sorgin68;1;Libourne, France;Membre depuis oct. 2012
https://www.tripadvisor.fr/Profile/IandRGrenoble;IandRGrenoble;1;Grenoble;Membre depuis sept. 2012
https://www.tripadvisor.fr/Profile/Rosene73000;Rosene73000;82;Chambéry, France;Membre depuis avr. 2009
https://www.tripadvisor.fr/Profile/3ValleesImmo;3ValleesImmo;22;Chambéry, France;Membre depuis sept. 2010
https://www.tripadvisor.fr/Profile/271guillaumer;271guillaumer;6;Montpellier;Membre depuis août 2012
https://www.tripadvisor.fr/Profile/francoism653;francoism653;1;grenoble;Membre depuis août 2012
https://www.tripadvisor.fr/Profile/delm7374;delm7374;22;Chambéry, France;Membre depuis juil. 2012
https://www.tripadvisor.fr/Profile/PAMPRES;PAMPRES;38;Corenc, France;Membre depuis juin 2012
https://www.tripadvisor.fr/Profile/straphaelChambery;straphaelChambery;17;chambery;Membre depuis avr. 2011
https://www.tripadvisor.fr/Profile/audreyr685;audreyr685;91;Chambéry, France;Membre depuis mai 2012
https://www.tripadvisor.fr/Profile/MATHILDAMATEOB;MATHILDAMATEOB;1;Chambéry, France;Membre depuis mai 2012
https://www.tripadvisor.fr/Profile/paulp525;paulp525;1;rouen;Membre depuis mars 2012
https://www.tripadvisor.fr/Profile/valerieC791;valerieC791;61;Cité de Carcassonne, France;Membre depuis févr. 2012
https://www.tripadvisor.fr/Profile/Guigouf;Guigouf;6;;Membre depuis janv. 2012
https://www.tripadvisor.fr/Profile/DjouleHH;DjouleHH;60;Harsefeld, Allemagne;Membre depuis juil. 2010
https://www.tripadvisor.fr/Profile/Ptitgateau21;Ptitgateau21;5;;Membre depuis oct. 2011
https://www.tripadvisor.fr/Profile/521brucec;521brucec;454;Bethléem, New Hampshire;Membre depuis nov. 2014
https://www.tripadvisor.fr/Profile/tkarlikt;tkarlikt;158;Kasperske Hory, République tchèque;Membre depuis juin 2012
https://www.tripadvisor.fr/Profile/foodieflozie;foodieflozie;49;Londres, Royaume-Uni;Membre depuis juil. 2007
https://www.tripadvisor.fr/Profile/Serviceprof;Serviceprof;1 289;Lexington, Caroline du Sud;Membre depuis sept. 2011
https://www.tripadvisor.fr/Profile/165filipb;165filipb;154;Sylvania, Ohio;Membre depuis mai 2011
https://www.tripadvisor.fr/Profile/MarinaB645;MarinaB645;30;Washington, District of Columbia, United States;Membre depuis juin 2012
https://www.tripadvisor.fr/Profile/859MJO;859MJO;28;Omaha, Nebraska;Membre depuis avr. 2012
https://www.tripadvisor.fr/Profile/Lancelot104;Lancelot104;94;Genève, Suisse;Membre depuis août 2007
https://www.tripadvisor.fr/Profile/AstridR996;AstridR996;62;Leikanger, Norvège;Membre depuis nov. 2011
